{
    "posts": [
      {
        "id": "1",
        "title": "Introduction à Vue.js",
        "content": "Vue.js est un framework JavaScript progressif utilisé pour construire des interfaces utilisateur...",
        "tags": [
          "Vue.js",
          "JavaScript",
          "Frontend"
        ],
        "date": "2024-03-17"
      },
      {
        "id": "2",
        "title": "Les bases du CSS Grid",
        "content": "CSS Grid est un puissant système de mise en page qui permet de créer des designs complexes facilement...",
        "tags": [
          "CSS",
          "Design",
          "Web"
        ],
        "date": "2024-03-10"
      },
      {
        "id": "3",
        "title": "Comprendre le DOM en JavaScript",
        "content": "Le DOM (Document Object Model) est une interface qui permet d’interagir avec le contenu HTML d’une page Web...",
        "tags": [
          "JavaScript",
          "DOM",
          "Programmation"
        ],
        "date": "2024-02-28"
      },
      {
        "id": "4",
        "title": "Créer une API REST avec Node.js",
        "content": "Les APIs REST sont essentielles pour les applications Web modernes. Avec Node.js, on peut rapidement créer un serveur...",
        "tags": [
          "Node.js",
          "API",
          "Backend"
        ],
        "date": "2024-02-20"
      },
      {
        "id": "5",
        "title": "Optimiser les performances d'un site Web",
        "content": "Un site rapide améliore l'expérience utilisateur et le référencement SEO. Découvrez les meilleures pratiques pour optimiser vos performances Web...",
        "tags": [
          "Performance",
          "Web",
          "SEO"
        ],
        "date": "2024-02-15"
      },
      {
        "id": "c5aa",
        "title": "farah",
        "content": "j",
        "date": "2006-01-10",
        "tags": [
          "n"
        ]
      }
    ]
  }