{
  "posts": [
    {
      "id": "2",
      "titre": "Data Analyst",
      "description": "Analyse des données pour aider à la prise de décision stratégique.",
      "salaire": "50 000 MAD/an",
      "date_de_creation": "2025-03-15"
    },
    {
      "id": "3",
      "titre": "Chef de Projet IT",
      "description": "Gestion de projets informatiques de bout en bout, coordination des équipes techniques.",
      "salaire": "70 000 MAD/an",
      "date_de_creation": "2025-03-10"
    },
    {
      "id": "4",
      "titre": "Ingénieur Logiciel",
      "description": "Développement d'applications logicielles robustes et performantes pour divers clients.",
      "salaire": "60 000 MAD/an",
      "date_de_creation": "2025-02-28"
    },
    {
      "id": "5",
      "titre": "Designer UX/UI",
      "description": "Création d'interfaces utilisateur intuitives et attrayantes pour améliorer l'expérience client.",
      "salaire": "40 000 MAD/an",
      "date_de_creation": "2025-03-01"
    },
    {
      "id": "6",
      "titre": "Responsable Marketing Digital",
      "description": "Élaboration de stratégies de marketing en ligne pour accroître la visibilité de l'entreprise.",
      "salaire": "55 000 MAD/an",
      "date_de_creation": "2025-02-25"
    },
    {
      "id": "7",
      "titre": "Consultant en Cybersécurité",
      "description": "Conseiller les entreprises sur la sécurisation de leurs systèmes informatiques et réseaux.",
      "salaire": "80 000 MAD/an",
      "date_de_creation": "2025-03-12"
    },
    {
      "id": "8",
      "titre": "Technicien Réseaux",
      "description": "Installation, configuration et maintenance des équipements réseau.",
      "salaire": "30 000 MAD/an",
      "date_de_creation": "2025-02-20"
    },
    {
      "id": "9",
      "titre": "Assistant Administratif",
      "description": "Gestion administrative, accueil téléphonique et suivi des dossiers clients.",
      "salaire": "25 000 MAD/an",
      "date_de_creation": "2025-03-05"
    },
    {
      "id": "10",
      "titre": "Commercial B2B",
      "description": "Prospection et gestion d'un portefeuille de clients professionnels.",
      "salaire": "45 000 MAD/an",
      "date_de_creation": "2025-03-14"
    },
    {
      "id": "815a",
      "title": "farah",
      "description": "bouhzam",
      "salaire": "df",
      "date_de_creation": "2006-12-01"
    }
  ]
}